locus1,locus2,allele1,allele2,haplo.freq
rs3116820,rs6906270,G,C,0.411111
rs3116820,rs6906270,A,C,0.577778
rs3116820,rs6906270,G,T,0.0111111
rs3116820,rs9380122,G,T,0.383333
rs3116820,rs9380122,A,T,0.572222
rs3116820,rs9380122,G,C,0.0388889
rs3116820,rs9380122,A,C,0.00555556
rs3116820,rs11961013,G,G,0.422222
rs3116820,rs11961013,A,G,0.572222
rs3116820,rs11961013,A,A,0.00555556
rs3116820,rs362527,G,A,0.383333
rs3116820,rs362527,A,A,0.555556
rs3116820,rs362527,A,G,0.0222222
rs3116820,rs362527,G,G,0.0388889
rs3116820,rs29243,G,C,0.416667
rs3116820,rs29243,A,C,0.577778
rs3116820,rs29243,G,T,0.00555556
rs3116820,rs3025623,G,C,0.405556
rs3116820,rs3025623,A,C,0.55
rs3116820,rs3025623,A,T,0.0277778
rs3116820,rs3025623,G,T,0.0166667
rs3116820,rs29233,G,C,0.4
rs3116820,rs29233,A,C,0.561111
rs3116820,rs29233,G,G,0.0222222
rs3116820,rs29233,A,G,0.0166667
rs3116820,rs1610714,G,A,0.294444
rs3116820,rs1610714,A,A,0.394444
rs3116820,rs1610714,G,G,0.127778
rs3116820,rs1610714,A,G,0.183333
rs3116820,rs1611635,G,C,0.316667
rs3116820,rs1611635,A,C,0.494444
rs3116820,rs1611635,G,T,0.105556
rs3116820,rs1611635,A,T,0.0833333
rs3116820,rs2844821,G,G,0.166667
rs3116820,rs2844821,G,A,0.255556
rs3116820,rs2844821,A,G,0.188889
rs3116820,rs2844821,A,A,0.388889
rs3116820,rs1611578,G,A,0.388889
rs3116820,rs1611578,A,A,0.561111
rs3116820,rs1611578,A,G,0.0166667
rs3116820,rs1611578,G,G,0.0333333
rs3116820,rs9259817,G,T,0.411111
rs3116820,rs9259817,A,T,0.483333
rs3116820,rs9259817,A,C,0.0944444
rs3116820,rs9259817,G,C,0.0111111
rs3116820,HLAA,G,0201,0.15
rs3116820,HLAA,G,2402,0.0388889
rs3116820,HLAA,A,0201,0.177778
rs3116820,HLAA,G,0101,0.105556
rs3116820,HLAA,A,3201,0.0111111
rs3116820,HLAA,A,0301,0.0833333
rs3116820,HLAA,A,2402,0.05
rs3116820,HLAA,A,0101,0.0833333
rs3116820,HLAA,A,3101,0.0222222
rs3116820,HLAA,G,0301,0.0111111
rs3116820,HLAA,A,2501,0.0388889
rs3116820,HLAA,A,6801,0.0222222
rs3116820,HLAA,G,6801,0.0111111
rs3116820,HLAA,G,3201,0.0166667
rs3116820,HLAA,A,2403,0.00555556
rs3116820,HLAA,A,0100,0.0111111
rs3116820,HLAA,A,2601,0.0222222
rs3116820,HLAA,G,3002,0.00555556
rs3116820,HLAA,G,0206,0.00555556
rs3116820,HLAA,G,1101,0.0222222
rs3116820,HLAA,G,0205,0.0111111
rs3116820,HLAA,G,2902,0.0111111
rs3116820,HLAA,G,0200,0.0111111
rs3116820,HLAA,A,0200,0.0111111
rs3116820,HLAA,A,1101,0.0166667
rs3116820,HLAA,G,3101,0.0111111
rs3116820,HLAA,A,2301,0.0111111
rs3116820,HLAA,A,2902,0.00555556
rs3116820,HLAA,G,2301,0.00555556
rs3116820,HLAA,G,2900,0.00555556
rs3116820,HLAA,A,3001,0.00555556
rs3116820,rs1061235,G,T,0.411111
rs3116820,rs1061235,A,T,0.555556
rs3116820,rs1061235,A,A,0.0222222
rs3116820,rs1061235,G,A,0.0111111
rs3116820,rs3893538,G,T,0.327778
rs3116820,rs3893538,G,C,0.0944444
rs3116820,rs3893538,A,T,0.472222
rs3116820,rs3893538,A,C,0.105556
rs3116820,rs2523933,G,C,0.277778
rs3116820,rs2523933,G,A,0.144444
rs3116820,rs2523933,A,A,0.172222
rs3116820,rs2523933,A,C,0.405556
rs3116820,rs6457109,G,A,0.411111
rs3116820,rs6457109,A,A,0.516667
rs3116820,rs6457109,A,G,0.0611111
rs3116820,rs6457109,G,G,0.0111111
rs3116820,rs2571375,G,A,0.383333
rs3116820,rs2571375,A,A,0.527778
rs3116820,rs2571375,A,G,0.05
rs3116820,rs2571375,G,G,0.0388889
rs3116820,rs3835309,G,G,0.411111
rs3116820,rs3835309,A,G,0.494444
rs3116820,rs3835309,A,A,0.0833333
rs3116820,rs3835309,G,A,0.0111111
rs3116820,rs2301751,G,C,0.422222
rs3116820,rs2301751,A,C,0.516667
rs3116820,rs2301751,A,T,0.0611111
rs3116820,rs7453068,G,C,0.361111
rs3116820,rs7453068,G,A,0.0611111
rs3116820,rs7453068,A,C,0.494444
rs3116820,rs7453068,A,A,0.0833333
rs3116820,rs2516683,G,T,0.411111
rs3116820,rs2516683,A,T,0.472222
rs3116820,rs2516683,A,C,0.105556
rs3116820,rs2516683,G,C,0.0111111
rs3116820,rs4071986,G,G,0.327778
rs3116820,rs4071986,A,G,0.472222
rs3116820,rs4071986,G,T,0.0944444
rs3116820,rs4071986,A,T,0.105556
rs3116820,rs2524180,G,T,0.288889
rs3116820,rs2524180,A,C,0.266667
rs3116820,rs2524180,A,T,0.311111
rs3116820,rs2524180,G,C,0.133333
rs3116820,rs2516675,G,C,0.366667
rs3116820,rs2516675,A,T,0.166667
rs3116820,rs2516675,A,C,0.411111
rs3116820,rs2516675,G,T,0.0555556
rs3116820,rs762324,G,C,0.411111
rs3116820,rs762324,A,C,0.533333
rs3116820,rs762324,A,T,0.0444444
rs3116820,rs762324,G,T,0.0111111
rs3116820,rs2534825,G,G,0.272222
rs3116820,rs2534825,A,G,0.383333
rs3116820,rs2534825,G,A,0.15
rs3116820,rs2534825,A,A,0.194444
rs3116820,rs3130244,G,C,0.266667
rs3116820,rs3130244,A,C,0.383333
rs3116820,rs3130244,G,A,0.155556
rs3116820,rs3130244,A,A,0.194444
rs3116820,rs6919835,G,G,0.416667
rs3116820,rs6919835,A,G,0.572222
rs3116820,rs6919835,A,A,0.00555556
rs3116820,rs6919835,G,A,0.00555556
rs3116820,rs2269708,G,T,0.422222
rs3116820,rs2269708,A,T,0.572222
rs3116820,rs2269708,A,C,0.00555556
rs3116820,rs3129996,G,G,0.411111
rs3116820,rs3129996,A,G,0.5
rs3116820,rs3129996,A,T,0.0777778
rs3116820,rs3129996,G,T,0.0111111
rs3116820,rs3130660,G,T,0.305556
rs3116820,rs3130660,A,T,0.55
rs3116820,rs3130660,G,A,0.116667
rs3116820,rs3130660,A,A,0.0277778
rs3116820,rs10947088,G,T,0.405556
rs3116820,rs10947088,A,T,0.566667
rs3116820,rs10947088,A,C,0.0111111
rs3116820,rs10947088,G,C,0.0166667
rs3116820,rs3094121,G,G,0.277778
rs3116820,rs3094121,A,G,0.488889
rs3116820,rs3094121,G,A,0.144444
rs3116820,rs3094121,A,A,0.0888889
rs3116820,rs12526186,G,T,0.05
rs3116820,rs12526186,G,C,0.372222
rs3116820,rs12526186,A,T,0.1
rs3116820,rs12526186,A,C,0.477778
rs3116820,rs3094117,G,A,0.277778
rs3116820,rs3094117,A,A,0.461111
rs3116820,rs3094117,G,C,0.144444
rs3116820,rs3094117,A,C,0.116667
rs3116820,rs12208550,G,G,0.422222
rs3116820,rs12208550,A,G,0.572222
rs3116820,rs12208550,A,A,0.00555556
rs3116820,rs1264375,G,T,0.255556
rs3116820,rs1264375,G,C,0.166667
rs3116820,rs1264375,A,C,0.116667
rs3116820,rs1264375,A,T,0.461111
rs3116820,rs4711240,G,A,0.338889
rs3116820,rs4711240,A,A,0.5
rs3116820,rs4711240,A,G,0.0777778
rs3116820,rs4711240,G,G,0.0833333
rs3116820,rs4713391,G,T,0.333333
rs3116820,rs4713391,A,T,0.5
rs3116820,rs4713391,A,C,0.0777778
rs3116820,rs4713391,G,C,0.0888889
rs3116820,rs2844659,G,G,0.288889
rs3116820,rs2844659,A,G,0.466667
rs3116820,rs2844659,G,A,0.133333
rs3116820,rs2844659,A,A,0.111111
rs3116820,rs2844657,G,T,0.3
rs3116820,rs2844657,A,T,0.488889
rs3116820,rs2844657,G,C,0.122222
rs3116820,rs2844657,A,C,0.0888889
rs3116820,rs3132572,G,A,0.411111
rs3116820,rs3132572,A,A,0.472222
rs3116820,rs3132572,A,G,0.105556
rs3116820,rs3132572,G,G,0.0111111
rs3116820,rs4678,G,C,0.3
rs3116820,rs4678,A,C,0.477778
rs3116820,rs4678,G,T,0.122222
rs3116820,rs4678,A,T,0.1
rs3116820,rs2532934,G,A,0.205556
rs3116820,rs2532934,A,A,0.305556
rs3116820,rs2532934,G,G,0.216667
rs3116820,rs2532934,A,G,0.272222
rs3116820,rs11969139,G,T,0.422222
rs3116820,rs11969139,A,T,0.572222
rs3116820,rs11969139,A,C,0.00555556
rs3116820,rs2517439,G,G,0.361111
rs3116820,rs2517439,A,G,0.538889
rs3116820,rs2517439,G,A,0.0611111
rs3116820,rs2517439,A,A,0.0388889
rs3116820,rs2844685,G,C,0.361111
rs3116820,rs2844685,A,C,0.544444
rs3116820,rs2844685,G,T,0.0611111
rs3116820,rs2844685,A,T,0.0333333
rs3116820,rs2517424,G,A,0.361111
rs3116820,rs2517424,A,A,0.544444
rs3116820,rs2517424,G,T,0.0611111
rs3116820,rs2517424,A,T,0.0333333
rs3116820,rs9468859,G,G,0.4
rs3116820,rs9468859,A,G,0.527778
rs3116820,rs9468859,A,A,0.05
rs3116820,rs9468859,G,A,0.0222222
rs3116820,rs12526820,G,T,0.4
rs3116820,rs12526820,A,T,0.566667
rs3116820,rs12526820,G,C,0.0222222
rs3116820,rs12526820,A,C,0.0111111
rs3116820,rs3764808,G,A,0.344444
rs3116820,rs3764808,A,A,0.422222
rs3116820,rs3764808,A,G,0.155556
rs3116820,rs3764808,G,G,0.0777778
rs3116820,rs3130955,G,A,0.211111
rs3116820,rs3130955,A,A,0.172222
rs3116820,rs3130955,A,C,0.405556
rs3116820,rs3130955,G,C,0.211111



